{"cameraMode":{"drawMode":0,"name":"Shaded","section":"Shading Mode"},"sceneLighting":true,"audioPlay":false,"sceneViewState":{"showFog":true,"showMaterialUpdate":false,"showSkybox":true,"showFlares":true,"showImageEffects":true,"showParticleSystems":true},"in2DMode":false,"pivot":{"x":1.256982445716858,"y":0.020746827125549318,"z":0.8526666164398193},"rotation":{"x":-0.13316546380519868,"y":-0.06032347306609154,"z":0.00810924731194973,"w":-0.98923659324646},"size":3.8008480072021486,"orthographic":false}